"simnumber","sws.ol1","hapc.ol1","sws.ol2","hapc.ol2","sws.s","hapc.s","sws.d","hapc.d","bf.i05","bf.i01","bf.i001","r.w","r.r2","w.r2","p.blocks","c.blocks","p.type","c.type","p.autocorr","c.autocorr","r2","nsim","ol","rrmse","srmse","p.catch","c.catch","hol","hrmse","efficiency"
1,0.236111111111111,0.615740740740741,0.37037037037037,0.898148148148148,0.638888888888889,0.768518518518518,0.0245611964671424,-0.0125178177860047,"***","***","***",NA,1.03080618545651,1.29056982527293,3,3,"ar1","ar1",0.2,0.2,0.1,NA,1,94.8941383571123,94.9558970607371,1.02325581395349,0.757281553398058,1,95.8828476457666,0.66507594861907
2,0.236111111111111,0.615740740740741,0.37037037037037,0.893518518518518,0.638888888888889,0.768518518518518,0.0246623530091093,-0.0122396463046381,"***","***","***",NA,1.03080618545651,1.29056982527293,5,3,"ar1","ar1",0.2,0.2,0.1,NA,1,58.0246679766234,58.1222176158651,0.813953488372093,0.805825242718447,1,58.5342257596283,0.871960389153969
3,0.236111111111111,0.611111111111111,0.37037037037037,0.87962962962963,0.638888888888889,0.75,0.024603972174705,-0.0107567541530458,"***","***","***",NA,1.03080618545651,1.29056982527293,10,3,"ar1","ar1",0.2,0.2,0.1,NA,0.946236559139785,98.7802265959749,99.2843245380771,0.581395348837209,0.242718446601942,1,100.944921991155,0.861359106918471
4,0.236111111111111,0.615740740740741,0.37037037037037,0.87962962962963,0.638888888888889,0.768518518518518,0.0246364178375972,-0.0112665532666274,"***","***","***",NA,1.03080618545651,1.29056982527293,3,5,"ar1","ar1",0.2,0.2,0.1,NA,0.903225806451613,66.7362032033045,66.6069162073922,0.627906976744186,0.427184466019418,1,67.2134681248205,0.797519148513974
5,0.236111111111111,0.62037037037037,0.37037037037037,0.884259259259259,0.638888888888889,0.75,0.0245790622310516,-0.0102041019918875,"***","***","***",NA,1.03080618545651,1.29056982527293,5,5,"ar1","ar1",0.2,0.2,0.1,NA,1,68.5717827531773,68.6870019529579,0.697674418604651,0.281553398058252,1,69.3182954939678,0.861558710393429
6,0.241935483870968,0.71505376344086,0.301075268817204,0.854838709677419,0.693548387096774,0.801075268817204,-0.0441299910310767,-0.00947946359850015,"***","***","***",NA,1.00064369304805,1.29056151864238,10,5,"ar1","ar1",0.2,0.2,0.1,NA,0.93010752688172,1.2718263962869,1.26557803395918,0.697674418604651,0.514563106796116,1,1.27002900624939,0.745393210416865
7,0.354838709677419,0.725806451612903,0.629032258064516,0.876344086021505,0.806451612903226,0.795698924731183,-0.0508901185447209,-0.0312732235805873,"***","***","***",NA,1.04185541216,1.25830671134338,3,10,"ar1","ar1",0.2,0.2,0.1,NA,0.989247311827957,92.9712173541982,93.335447501511,0.488372093023256,0.233009708737864,0.983870967741935,93.8691037987775,0.646737952031784
8,0.397849462365591,0.634408602150538,0.666666666666667,0.838709677419355,0.731182795698925,0.795698924731183,0.0756837879483808,0.0160313440510463," "," "," ",NA,1.00055190549184,1.29056983078446,5,10,"ar1","ar1",0.2,0.2,0.1,NA,1,57.4537972572527,57.717644761187,0.558139534883721,0.242718446601942,1,57.7662021752073,0.635979187929709
9,0.274193548387097,0.78494623655914,0.376344086021505,0.946236559139785,0.693548387096774,0.736559139784946,0.0692286637042031,0.0223476713955628," "," "," ",NA,1.01485945450743,1.29057126209059,10,10,"ar1","ar1",0.2,0.2,0.1,NA,0.994623655913978,77.0611807228397,77.1427198105527,0.581395348837209,0.0776699029126213,1,77.210352693824,0.711577894391888
10,0.311827956989247,0.731182795698925,0.67741935483871,0.854838709677419,0.774193548387097,0.763440860215054,0.0492330117524397,-0.00298074690559882,"***","***","***",NA,1.09474750907297,1.29056983051031,3,3,"random","ar1",NA,0.2,0.1,NA,0.849462365591398,94.3771172352717,94.8975412191658,0.674418604651163,0.533980582524272,1,96.2651584619093,0.614145610284069
11,0.28494623655914,0.580645161290323,0.56989247311828,0.752688172043011,0.801075268817204,0.779569892473118,0.0429924335649596,0.00781436097969411,"***","***","***",NA,1.00308023515871,1.26865230768484,5,3,"random","ar1",NA,0.2,0.1,NA,1,66.4519545113085,66.2361950538962,0.604651162790698,0.553398058252427,1,66.9553010861731,0.652158217056927
12,0.462365591397849,0.623655913978495,0.854838709677419,0.78494623655914,0.870967741935484,0.71505376344086,-0.0234441141359415,0.00691844906353603,"***","***","***",NA,1.02348651583494,1.29056538444724,10,3,"random","ar1",NA,0.2,0.1,NA,0.994623655913978,53.9042335697885,53.8473690441606,0.604651162790698,0.436893203883495,1,54.4730281133142,0.690854533909598
13,0.344086021505376,0.564516129032258,0.56989247311828,0.795698924731183,0.865591397849462,0.779569892473118,-0.0120568361003702,-0.00896051933565078,"***","***","***",NA,1.00041598316457,1.29056983093442,3,5,"random","ar1",NA,0.2,0.1,NA,1,1.32605828471415,1.31878696708754,0.534883720930233,0.58252427184466,1,1.33943439028726,0.753189066251469
14,0.446236559139785,0.682795698924731,0.844086021505376,0.838709677419355,0.854838709677419,0.736559139784946,0.0470991395646407,0.0222711542191486,"***","***","***",NA,1.02808315219023,1.29056982072787,5,5,"random","ar1",NA,0.2,0.1,NA,1,13.3652389753625,13.4099630776266,0.697674418604651,0.436893203883495,1,13.54501367385,0.686005462893933
15,0.446236559139785,0.763440860215054,0.67741935483871,0.860215053763441,0.924731182795699,0.779569892473118,-0.0522625818608387,-0.0368948432392351,"***","***","***",NA,1.03654978278856,1.29056064155818,10,5,"random","ar1",NA,0.2,0.1,NA,0.994623655913978,21.3561743565432,21.4126687406427,0.720930232558139,0.495145631067961,1,21.5815783759255,0.50895043754378
16,0.333333333333333,0.838709677419355,0.537634408602151,0.908602150537634,0.688172043010753,0.768817204301075,0.055365677138824,0.0130142476520638,"***","***","***",NA,1.02791298074632,1.2110263661946,3,10,"random","ar1",NA,0.2,0.1,NA,0.983870967741935,35.7411852504952,35.7770384192774,0.604651162790698,0.41747572815534,1,36.0479775311119,0.676129106706184
17,0.344086021505376,0.521505376344086,0.532258064516129,0.67741935483871,0.768817204301075,0.682795698924731,0.0815734388689904,0.0437383240063619,"***","***","***",NA,0.999430675183488,1.28970938567301,5,10,"random","ar1",NA,0.2,0.1,NA,1,48.064321629452,48.3587084882702,0.627906976744186,0.41747572815534,1,49.1516023145528,0.718768532190086
18,0.591397849462366,0.801075268817204,0.82258064516129,0.903225806451613,0.833333333333333,0.811827956989247,-0.018321453433487,0.0268531729034522,"***","***","***",NA,1.00503694511431,1.29058019019587,10,10,"random","ar1",NA,0.2,0.1,NA,1,50.4945193406475,50.5973277542255,0.697674418604651,0.504854368932039,1,50.8197047845166,0.669282281262421
19,0.301075268817204,0.5,0.580645161290323,0.811827956989247,0.844086021505376,0.747311827956989,-0.000224497809290504,0.0360971234699836,"***","***","***",NA,1.0071356310922,1.29221871274278,3,3,"randomwalk","ar1",NA,0.2,0.1,NA,0.973118279569892,49.4022695027982,49.439963134279,0.651162790697674,0.563106796116505,1,49.8730564256925,1.00739937403503
20,0.236559139784946,0.537634408602151,0.591397849462366,0.790322580645161,0.720430107526882,0.67741935483871,-0.0699584135074297,-0.0155776188208768,"***","***","***",NA,1.01010817876319,1.29056983093396,5,3,"randomwalk","ar1",NA,0.2,0.1,NA,0.973118279569892,16.9309466185697,16.9288426839454,0.697674418604651,0.533980582524272,1,17.1011265333818,0.55988185047448
21,0.489247311827957,0.698924731182796,0.709677419354839,0.870967741935484,0.919354838709677,0.790322580645161,0.0562820766492039,0.00784034309330698,"***","***","***",NA,1.0070706683769,1.15878549570622,10,3,"randomwalk","ar1",NA,0.2,0.1,NA,1,57.8008451159456,57.797100044546,0.511627906976744,0.0970873786407767,1,58.0405919549055,0.603163550820081
22,0.478494623655914,0.768817204301075,0.827956989247312,0.887096774193548,0.854838709677419,0.817204301075269,-0.0196193296072243,0.00475009407985449," "," "," ",NA,1.00892751709357,1.23760189886897,3,5,"randomwalk","ar1",NA,0.2,0.1,NA,1,15.122064694392,15.1473998236684,0.395348837209302,0.135922330097087,1,15.1982643488408,0.565425076089628
23,0.731182795698925,0.634408602150538,0.967741935483871,0.89247311827957,0.93010752688172,0.779569892473118,0.022855408223391,-0.00771212004227849," "," ","***",NA,1.01414632445461,1.28642547847218,5,5,"randomwalk","ar1",NA,0.2,0.1,NA,0.994623655913978,42.3720178013408,42.6466026493916,0.558139534883721,0.16504854368932,1,42.787859064327,0.58153735983597
24,0.32258064516129,0.403225806451613,0.537634408602151,0.693548387096774,0.833333333333333,0.741935483870968,0.0988881151662325,0.0221398037045781," "," "," ",NA,0.999407550642395,1.2860710567618,10,5,"randomwalk","ar1",NA,0.2,0.1,NA,1,39.3981155423473,39.308600814382,0.534883720930233,0.087378640776699,1,39.3856740180499,0.668463246999682
25,0.349462365591398,0.811827956989247,0.532258064516129,0.887096774193548,0.833333333333333,0.827956989247312,-0.0291579804210887,-0.00886421658844997," "," ","***",NA,1.03885952538836,1.28728522914248,3,10,"randomwalk","ar1",NA,0.2,0.1,NA,1,61.621451627699,61.4329818937963,0.581395348837209,0.233009708737864,0.983870967741935,61.5917128636368,0.747356110801484
26,0.263440860215054,0.801075268817204,0.327956989247312,0.93010752688172,0.887096774193548,0.795698924731183,0.028995262449397,-0.00230897460013291," "," "," ",NA,0.998865887901789,1.29056983065936,5,10,"randomwalk","ar1",NA,0.2,0.1,NA,0.973118279569892,76.693701430908,76.575324138876,0.581395348837209,0.485436893203884,1,76.6461000973044,0.699932859269585
27,0.532258064516129,0.747311827956989,0.67741935483871,0.795698924731183,0.833333333333333,0.774193548387097,0.0373753117595112,0.0707170279798329," "," "," ",NA,1.01542340134302,1.29056719218739,10,10,"randomwalk","ar1",NA,0.2,0.1,NA,1,70.3662616769614,70.2185740590764,0.511627906976744,0.106796116504854,1,70.3185855506344,0.661163947302274
28,0.467741935483871,0.672043010752688,0.833333333333333,0.82258064516129,0.913978494623656,0.763440860215054,-0.0304128582878941,-0.00523139379517618,"***","***","***",NA,1.00068980069771,1.29056957385655,3,3,"ar1","random",0.2,NA,0.1,NA,1,60.8950833035469,60.9301887214043,0.604651162790698,0.485436893203884,1,61.906513548566,0.602202509614307
29,0.467741935483871,0.682795698924731,0.752688172043011,0.833333333333333,0.838709677419355,0.849462365591398,-0.0577361186488172,-0.0114448827479602,"***","***","***",NA,1.0149332981181,1.29005136962687,5,3,"ar1","random",0.2,NA,0.1,NA,1,25.7107846030963,25.7600018763511,0.581395348837209,0.504854368932039,1,26.1349633773213,0.656218549392581
30,0.274193548387097,0.56989247311828,0.532258064516129,0.71505376344086,0.827956989247312,0.720430107526882,-0.0655301989087487,-0.00932830860905397,"***","***","***",NA,0.998932797880544,1.29056897397899,10,3,"ar1","random",0.2,NA,0.1,NA,0.978494623655914,67.4789052948564,67.9762397762007,0.627906976744186,0.524271844660194,1,68.6296391124013,0.644167544348805
31,0.354838709677419,0.693548387096774,0.709677419354839,0.844086021505376,0.806451612903226,0.774193548387097,0.0482607058906288,0.0238400025828258,"***","***","***",NA,1.03091906697795,1.2775571525804,3,5,"ar1","random",0.2,NA,0.1,NA,1,24.1305543422042,24.1176103907645,0.395348837209302,0.271844660194175,1,24.4130239982031,0.664814648843018
32,0.317204301075269,0.639784946236559,0.467741935483871,0.865591397849462,0.768817204301075,0.833333333333333,-0.0429100001672462,0.0169049509134338,"***","***","***",NA,1.02488780420747,1.19859796418208,5,5,"ar1","random",0.2,NA,0.1,NA,0.940860215053763,12.576327207585,12.5571499318903,0.581395348837209,0.485436893203884,1,12.6459949999934,0.768626013198111
33,0.645161290322581,0.591397849462366,0.82258064516129,0.78494623655914,0.89247311827957,0.827956989247312,-0.0354715188313984,-0.0175963052529305,"***","***","***",NA,1.00488735298015,1.29057018565542,10,5,"ar1","random",0.2,NA,0.1,NA,1,103.166835953066,103.412737764943,0.604651162790698,0.242718446601942,1,104.161408467448,0.506339177459376
34,0.543010752688172,0.559139784946237,0.779569892473118,0.78494623655914,0.897849462365591,0.704301075268817,0.031314494358134,0.00369282960340956,"***","***","***",NA,1.01304266364796,1.29054664562504,3,10,"ar1","random",0.2,NA,0.1,NA,0.994623655913978,76.1262275719243,76.4495524230384,0.395348837209302,0.0485436893203883,1,76.9801759467777,0.629612378094115
35,0.198924731182796,0.543010752688172,0.306451612903226,0.698924731182796,0.672043010752688,0.747311827956989,-0.00321508604744544,-0.00125238222457463,"***","***","***",NA,1.00012137842437,1.13647832145559,5,10,"ar1","random",0.2,NA,0.1,NA,1,134.699887231216,134.604289304976,0.558139534883721,0.446601941747573,1,135.498591528208,0.618079696014092
36,0.39247311827957,0.478494623655914,0.505376344086022,0.704301075268817,0.849462365591398,0.752688172043011,0.0572356078744552,0.0170858027474201,"***","***","***",NA,0.999227209166182,1.27591575794021,10,10,"ar1","random",0.2,NA,0.1,NA,0.994623655913978,64.8485837525832,64.7855494944514,0.534883720930233,0.262135922330097,1,65.0257048056316,0.505073723762883
37,0.28494623655914,0.580645161290323,0.526881720430108,0.790322580645161,0.827956989247312,0.731182795698925,0.00755710476268657,-0.00862734313822813,"***","***","***",NA,1.01593288102707,1.29058464103302,3,3,"random","random",NA,NA,0.1,NA,1,57.6704669657976,57.7595795211309,0.558139534883721,0.475728155339806,1,58.3662109030564,0.784994597246847
38,0.403225806451613,0.693548387096774,0.709677419354839,0.806451612903226,0.89247311827957,0.790322580645161,0.0403626737467975,0.0212670944278588,"***","***","***",NA,1.00880208014595,1.29043119434741,5,3,"random","random",NA,NA,0.1,NA,0.978494623655914,110.914231385827,111.382615330782,0.581395348837209,0.330097087378641,1,112.045054816211,0.697412338031353
39,0.43010752688172,0.672043010752688,0.758064516129032,0.768817204301075,0.903225806451613,0.779569892473118,0.0451440108113372,0.000459906301191422,"***","***","***",NA,1.03863508341728,1.29268813011094,10,3,"random","random",NA,NA,0.1,NA,1,71.4736743387153,71.3708820059694,0.720930232558139,0.553398058252427,1,72.2985471243412,0.569452834924345
40,0.575268817204301,0.698924731182796,0.951612903225806,0.860215053763441,0.919354838709677,0.768817204301075,0.0367900124183716,0.00883335012886607,"***","***","***",NA,1.01405947627246,1.29056977701183,3,5,"random","random",NA,NA,0.1,NA,0.93010752688172,42.3188420734351,42.3515229746707,0.465116279069767,0.466019417475728,1,42.7203203062225,0.578066263732836
41,0.376344086021505,0.478494623655914,0.71505376344086,0.774193548387097,0.854838709677419,0.758064516129032,0.0394713887010083,0.00966347514309299,"***","***","***",NA,1.08443884610353,1.29057122953877,5,5,"random","random",NA,NA,0.1,NA,1,20.3261855612677,20.3692576592203,0.697674418604651,0.446601941747573,0.983870967741935,20.5471642086016,0.604840366154178
42,0.32258064516129,0.741935483870968,0.489247311827957,0.849462365591398,0.795698924731183,0.763440860215054,0.00186036036761796,0.0173298714963968,"***","***","***",NA,1.01157564584667,1.2905170054593,10,5,"random","random",NA,NA,0.1,NA,1,58.9004851469715,58.9172018919129,0.674418604651163,0.242718446601942,1,59.4558095007718,0.628114455026645
43,0.32258064516129,0.736559139784946,0.440860215053763,0.860215053763441,0.698924731182796,0.779569892473118,0.0247398831009137,0.0159263397411106,"***","***","***",NA,1.00983161580683,1.22952947627463,3,10,"random","random",NA,NA,0.1,NA,1,16.2320146041811,16.2315352017814,0.604651162790698,0.145631067961165,1,16.4329720315153,0.799955700770052
44,0.28494623655914,0.543010752688172,0.408602150537634,0.71505376344086,0.747311827956989,0.71505376344086,0.0263882555154015,0.0468745555688369,"***","***","***",NA,1.03927211385833,1.29056982223848,5,10,"random","random",NA,NA,0.1,NA,0.994623655913978,36.1441279433874,36.1667904724713,0.651162790697674,0.446601941747573,1,36.5075803502242,0.840622767873895
45,0.344086021505376,0.768817204301075,0.60752688172043,0.82258064516129,0.881720430107527,0.790322580645161,-0.0341176139796246,-0.0498774864894496,"***","***","***",NA,1.00711862224494,1.29056448256068,10,10,"random","random",NA,NA,0.1,NA,1,41.7668551303306,41.68974161947,0.651162790697674,0.203883495145631,1,41.9129772314616,0.463587727097523
46,0.623655913978495,0.666666666666667,0.935483870967742,0.82258064516129,0.924731182795699,0.758064516129032,-0.0433234509209518,-0.00737853993787096,"***","***","***",NA,1.0122183348647,1.29057009729547,3,3,"randomwalk","random",NA,NA,0.1,NA,1,56.5799547254129,56.7784280784929,0.627906976744186,0.572815533980582,1,57.4482713510472,0.531601358322
47,0.489247311827957,0.693548387096774,0.806451612903226,0.849462365591398,0.817204301075269,0.747311827956989,0.0505454648970583,0.0191631310990301,"***","***","***",NA,1.02656949264788,1.29057706881592,5,3,"randomwalk","random",NA,NA,0.1,NA,0.989247311827957,30.60325721398,30.6508013380739,0.558139534883721,0.543689320388349,1,30.9449780097998,0.589028838147611
48,0.17741935483871,0.639784946236559,0.301075268817204,0.811827956989247,0.650537634408602,0.790322580645161,0.00140953733584743,-0.00842077081130635,"***","***","***",NA,0.99627928491246,1.1842497215958,10,3,"randomwalk","random",NA,NA,0.1,NA,0.865591397849462,6.91269392986221,6.91415598650727,0.511627906976744,0.368932038834952,1,6.9931282712392,0.682068775205975
49,0.5,0.688172043010753,0.747311827956989,0.811827956989247,0.887096774193548,0.763440860215054,-0.0684386715109378,-0.0175815138096547,"***","***","***",NA,0.997944369440343,1.29535055127252,3,5,"randomwalk","random",NA,NA,0.1,NA,0.881720430107527,1.48841498790152,1.482282970502,0.488372093023256,0.223300970873786,1,1.49589922261562,0.613007760357688
50,0.543010752688172,0.268817204301075,0.774193548387097,0.467741935483871,0.935483870967742,0.596774193548387,0.0498497068129065,0.0185991079388087,"***","***","***",NA,1.02433391532382,1.29056905902975,5,5,"randomwalk","random",NA,NA,0.1,NA,1,115.330568891394,114.914741465241,0.604651162790698,0.504854368932039,1,115.833783201468,0.617261859825883
51,0.403225806451613,0.580645161290323,0.612903225806452,0.774193548387097,0.865591397849462,0.741935483870968,0.0374058465121515,0.0374805165484384,"***","***","***",NA,1.00920585365179,1.29056103543075,10,5,"randomwalk","random",NA,NA,0.1,NA,0.994623655913978,150.485981920882,150.979234420771,0.697674418604651,0.446601941747573,1,151.699925034063,0.471036029428353
52,0.596774193548387,0.709677419354839,0.876344086021505,0.790322580645161,0.876344086021505,0.779569892473118,-0.0237564104393398,0.00959453723797971,"***","***","***",NA,1.00528751750736,1.29059369612458,3,10,"randomwalk","random",NA,NA,0.1,NA,1,20.7552272190973,20.7837981537448,0.488372093023256,0.12621359223301,1,20.9284763744818,0.615855722369442
53,0.236559139784946,0.290322580645161,0.370967741935484,0.360215053763441,0.736559139784946,0.623655913978495,-0.0266689396467213,0.00914563259984451," "," "," ",NA,1.0060175007688,1.16416368639023,5,10,"randomwalk","random",NA,NA,0.1,NA,0.994623655913978,66.6880569859434,67.0320223053602,0.441860465116279,0.12621359223301,1,67.2256300735331,0.585334407334294
54,0.247311827956989,0.720430107526882,0.365591397849462,0.817204301075269,0.682795698924731,0.908602150537634,0.0990451378389235,0.0454061899186282,"***","***","***",NA,0.999522808721664,1.2905698291556,10,10,"randomwalk","random",NA,NA,0.1,NA,0.731182795698925,6.20460203350701,6.18011870875223,0.627906976744186,0.436893203883495,1,6.20714886408744,0.577541147223754
55,0.247311827956989,0.672043010752688,0.408602150537634,0.790322580645161,0.758064516129032,0.725806451612903,-0.0955507449403625,-0.00762867317371753,"***","***","***",NA,1.02849285185436,1.29056983093442,3,3,"ar1","randomwalk",0.2,NA,0.1,NA,1,26.8797757228145,26.8469856536266,0.418604651162791,0.233009708737864,1,27.0551923116425,0.879254289831638
56,0.473118279569892,0.473118279569892,0.801075268817204,0.725806451612903,0.854838709677419,0.682795698924731,0.0799173916692349,0.0167521387621595," ","**","***",NA,0.999300848595385,1.26068412344362,5,3,"ar1","randomwalk",0.2,NA,0.1,NA,1,53.7853049969774,54.0160728543489,0.488372093023256,0.0970873786407767,1,54.201836502557,0.845326463813417
57,0.483870967741935,0.688172043010753,0.89247311827957,0.854838709677419,0.795698924731183,0.768817204301075,-0.0451077667637594,0.00769262519061811," "," ","***",NA,1.01165916038628,1.28450837510209,10,3,"ar1","randomwalk",0.2,NA,0.1,NA,1,80.1190179958311,80.1745413462245,0.534883720930233,0.106796116504854,1,80.4169047435385,0.785569291888478
58,0.338709677419355,0.736559139784946,0.521505376344086,0.897849462365591,0.790322580645161,0.741935483870968,-0.03111842610129,0.00741190609754007,"***","***","***",NA,1.00222998737554,1.2905698309345,3,5,"ar1","randomwalk",0.2,NA,0.1,NA,1,6.32073425314714,6.32546461650379,0.744186046511628,0.446601941747573,1,6.42616787064978,0.746321852325971
59,0.252688172043011,0.365591397849462,0.5,0.483870967741935,0.736559139784946,0.596774193548387,-0.00315176949475321,0.0297688256182768,"***","***","***",NA,0.998451726419999,1.29056983093442,5,5,"ar1","randomwalk",0.2,NA,0.1,NA,0.967741935483871,21.0777390483037,20.9643636024698,0.651162790697674,0.592233009708738,0.989247311827957,21.0655196914328,0.635103671656627
60,0.424731182795699,0.327956989247312,0.564516129032258,0.440860215053763,0.849462365591398,0.672043010752688,-0.0954153412250646,-0.0388353480468703,"***","***","***",NA,1.03779298365647,1.28844240802317,10,5,"ar1","randomwalk",0.2,NA,0.1,NA,0.989247311827957,15.0555745791953,15.0262252520628,0.581395348837209,0.252427184466019,0.994623655913978,15.0721398083769,1.00931252319656
61,0.32258064516129,0.661290322580645,0.451612903225806,0.844086021505376,0.602150537634409,0.725806451612903,0.00393677180019282,-0.0224188612832064,"***","***","***",NA,1.02207416078174,1.28722353574031,3,10,"ar1","randomwalk",0.2,NA,0.1,NA,1,13.469255473977,13.4331501951902,0.488372093023256,0.213592233009709,1,13.514925064355,1.0648103598464
62,0.279569892473118,0.311827956989247,0.349462365591398,0.381720430107527,0.838709677419355,0.720430107526882,-0.0829191282581782,-0.00472018304447399," "," "," ",NA,1.01330010089603,1.29056935721483,5,10,"ar1","randomwalk",0.2,NA,0.1,NA,0.876344086021505,69.7381629567977,69.5994423229511,0.720930232558139,0.466019417475728,1,69.6399365261054,0.749924573126446
63,0.28494623655914,0.559139784946237,0.43010752688172,0.752688172043011,0.67741935483871,0.672043010752688,0.0892006672704008,0.037956932589347,"***","***","***",NA,1.04526603812328,1.28130240722776,10,10,"ar1","randomwalk",0.2,NA,0.1,NA,1,5.35980931962181,5.34655881868398,0.581395348837209,0.223300970873786,1,5.38982069868216,0.87329583815248
64,0.397849462365591,0.71505376344086,0.682795698924731,0.838709677419355,0.89247311827957,0.801075268817204,-0.0210266141631973,-0.00109613975427485,"***","***","***",NA,1.04094167160391,1.29070238580713,3,3,"random","randomwalk",NA,NA,0.1,NA,1,1.45197863799966,1.44404833650096,0.581395348837209,0.466019417475728,0.994623655913978,1.46088614182245,0.772868825007004
65,0.279569892473118,0.639784946236559,0.5,0.865591397849462,0.682795698924731,0.763440860215054,0.0280326454595791,0.000320161190076674,"***","***","***",NA,1.02932952845406,1.2808471965248,5,3,"random","randomwalk",NA,NA,0.1,NA,0.908602150537634,91.1835505331717,90.8575363424953,0.627906976744186,0.533980582524272,1,92.5684812594761,0.687978522516482
66,0.290322580645161,0.612903225806452,0.537634408602151,0.78494623655914,0.736559139784946,0.741935483870968,-0.0358592757251798,-0.00825030599661986," "," "," ",NA,1.01738941914571,1.14558679763854,10,3,"random","randomwalk",NA,NA,0.1,NA,1,29.7938184208493,29.8755893787529,0.441860465116279,0.0485436893203883,1,29.9445141838258,0.614359166787081
67,0.333333333333333,0.752688172043011,0.521505376344086,0.881720430107527,0.774193548387097,0.811827956989247,0.0142210535600804,-0.00151635341081613,"***","***","***",NA,1.01203328333161,1.29056983091738,3,5,"random","randomwalk",NA,NA,0.1,NA,1,47.7685172924382,47.7208353182137,0.511627906976744,0.543689320388349,0.978494623655914,48.2005111477595,0.776961579607212
68,0.564516129032258,0.763440860215054,0.956989247311828,0.854838709677419,0.89247311827957,0.801075268817204,0.0206341412307112,0.022094636847897," "," "," ",NA,1.00729428380534,1.29171352250756,5,5,"random","randomwalk",NA,NA,0.1,NA,1,104.659268319329,104.421893382551,0.558139534883721,0.213592233009709,1,104.62164464147,0.545951618063315
69,0.435483870967742,0.543010752688172,0.774193548387097,0.709677419354839,0.93010752688172,0.655913978494624,-0.034399268227135,-0.0563870413729377,"***","***","***",NA,1.04777932791111,1.28270629010265,10,5,"random","randomwalk",NA,NA,0.1,NA,1,86.7607880633648,86.4531191269245,0.465116279069767,0.0388349514563107,1,87.3072436552211,0.685785351044962
70,0.370967741935484,0.564516129032258,0.548387096774194,0.940860215053763,0.698924731182796,0.768817204301075,-0.0064557701271337,0.0175833014391155,"***","***","***",NA,0.99981339057165,1.29056982281145,3,10,"random","randomwalk",NA,NA,0.1,NA,1,86.3224977664265,86.2260606256819,0.534883720930233,0.475728155339806,1,87.3612369924142,0.596136930046563
71,0.327956989247312,0.478494623655914,0.505376344086022,0.596774193548387,0.795698924731183,0.67741935483871,-0.0869236085399574,-0.0423930616422984,"***","***","***",NA,1.00571227119271,1.29056947996567,5,10,"random","randomwalk",NA,NA,0.1,NA,1,85.546520505322,85.4391945551199,0.790697674418605,0.466019417475728,1,86.5757654467559,0.679905393063028
72,0.43010752688172,0.720430107526882,0.688172043010753,0.774193548387097,0.811827956989247,0.720430107526882,-0.0350126611746613,-0.0553210763320501,"***","***","***",NA,1.04418788521684,1.29056983093165,10,10,"random","randomwalk",NA,NA,0.1,NA,0.935483870967742,69.337461745626,69.2596825173295,0.674418604651163,0.456310679611651,1,69.5498703545863,0.615259879778519
73,0.543010752688172,0.71505376344086,0.924731182795699,0.897849462365591,0.919354838709677,0.827956989247312,0.0378228289203092,-0.00242111335887657,"***","***","***",NA,1.0075628994819,1.29056330944753,3,3,"randomwalk","randomwalk",NA,NA,0.1,NA,1,35.4329590489411,35.210099963027,0.604651162790698,0.466019417475728,1,35.4083054800864,0.606478004330473
74,0.516129032258065,0.693548387096774,0.860215053763441,0.849462365591398,0.89247311827957,0.795698924731183,-0.0291880700181992,0.0128396703874618,"***","***","***",NA,1.01783379620643,1.23261398839569,5,3,"randomwalk","randomwalk",NA,NA,0.1,NA,0.93010752688172,37.0262642596718,36.8811235623272,0.395348837209302,0.12621359223301,1,37.1977817887846,0.660838808743977
75,0.553763440860215,0.612903225806452,0.876344086021505,0.82258064516129,0.903225806451613,0.790322580645161,0.00460046169094899,-0.0223706909307558," "," "," ",NA,1.00866417231423,1.29047222965725,10,3,"randomwalk","randomwalk",NA,NA,0.1,NA,0.994623655913978,30.0120615226515,29.8857035598332,0.534883720930233,0.252427184466019,1,29.9232002965308,0.500767347823873
76,0.446236559139785,0.376344086021505,0.795698924731183,0.596774193548387,0.93010752688172,0.71505376344086,0.0538201260068008,0.000540453047841999,"***","***","***",NA,1.04624068293768,1.29057821560312,3,5,"randomwalk","randomwalk",NA,NA,0.1,NA,1,78.2814318843972,78.1744529551358,0.418604651162791,0.223300970873786,1,78.5140277496595,0.647181855214605
77,0.446236559139785,0.811827956989247,0.602150537634409,0.919354838709677,0.860215053763441,0.806451612903226,0.0399226113871621,-0.0104998375004407," "," "," ",NA,1.00397222446575,1.29043991194005,5,5,"randomwalk","randomwalk",NA,NA,0.1,NA,0.978494623655914,21.2976999709615,21.1969707136312,0.581395348837209,0.29126213592233,1,21.254600378171,0.709974314959567
78,0.586021505376344,0.661290322580645,0.827956989247312,0.854838709677419,0.870967741935484,0.731182795698925,0.0214259368375192,-0.00555154666524398," ","***","***",NA,1.03232157054518,1.27909071691031,10,5,"randomwalk","randomwalk",NA,NA,0.1,NA,0.973118279569892,66.1049850188138,66.0411520680687,0.581395348837209,0.116504854368932,1,66.2519910233205,0.660841386017028
79,0.172043010752688,0.731182795698925,0.231182795698925,0.876344086021505,0.602150537634409,0.78494623655914,0.00670158226787912,0.0187063411026055,"***","***","***",NA,1.00189298054005,1.29060443761565,3,10,"randomwalk","randomwalk",NA,NA,0.1,NA,0.897849462365591,6.62045858692153,6.62325287324041,0.488372093023256,0.0970873786407767,1,6.65397411978419,0.608468517990397
80,0.720430107526882,0.790322580645161,0.908602150537634,0.860215053763441,0.935483870967742,0.817204301075269,0.0125705100452866,-0.0243715711498558," "," "," ",NA,0.999491623281366,1.1495420882588,5,10,"randomwalk","randomwalk",NA,NA,0.1,NA,0.887096774193548,64.25340138122,64.3062639657284,0.720930232558139,0.456310679611651,1,64.3703387242132,0.517886920752416
81,0.56989247311828,0.645161290322581,0.897849462365591,0.865591397849462,0.78494623655914,0.639784946236559,0.057208817610751,0.0217369514144024," "," "," ",NA,1.03604153852496,1.2475555558757,10,10,"randomwalk","randomwalk",NA,NA,0.1,NA,0.946236559139785,75.2700907962254,75.2316311621353,0.604651162790698,0.213592233009709,1,75.2760492553984,0.750341943193151
82,0.241935483870968,0.747311827956989,0.693548387096774,0.870967741935484,0.806451612903226,0.82258064516129,-0.0332005871647885,0.0267066074917943,"***","***","***",NA,1.03918416508899,1.14025694954344,3,3,"ar1","ar1",0.5,0.2,0.1,NA,0.989247311827957,76.4773622046879,76.2724278148553,0.674418604651163,0.514563106796116,1,76.6945320503333,0.607616436552597
83,0.381720430107527,0.71505376344086,0.741935483870968,0.838709677419355,0.833333333333333,0.758064516129032,-0.0509611838812607,-0.00619974284244761,"***","***","***",NA,1.0162284417408,1.29056979910851,5,3,"ar1","ar1",0.5,0.2,0.1,NA,1,58.7644297218175,59.0401098139441,0.558139534883721,0.233009708737864,1,59.4519299018282,0.617024210191489
84,0.688172043010753,0.661290322580645,0.89247311827957,0.763440860215054,0.919354838709677,0.725806451612903,-0.0170036542770895,0.0266627177220814,"***","***","***",NA,1.00245194665672,1.29056983033569,10,3,"ar1","ar1",0.5,0.2,0.1,NA,1,52.0182550256594,51.8844669878379,0.720930232558139,0.514563106796116,1,52.3024790823148,0.57865130623376
85,0.473118279569892,0.709677419354839,0.876344086021505,0.854838709677419,0.903225806451613,0.779569892473118,0.0258473279430315,-0.0141351249769773,"***","***","***",NA,1.026984626884,1.29056983093437,3,5,"ar1","ar1",0.5,0.2,0.1,NA,0.451612903225806,56.4264630364042,56.5738609701252,0.627906976744186,0.553398058252427,1,57.0530244005059,0.622781405074044
86,0.446236559139785,0.650537634408602,0.78494623655914,0.865591397849462,0.897849462365591,0.801075268817204,-0.0512970635913044,-0.0295690732840907,"***","***","***",NA,1.00083170582258,1.28787432412856,5,5,"ar1","ar1",0.5,0.2,0.1,NA,0.672043010752688,130.661250228168,130.971952871471,0.651162790697674,0.495145631067961,1,132.006040278319,0.584167685683522
87,0.623655913978495,0.806451612903226,0.887096774193548,0.908602150537634,0.908602150537634,0.82258064516129,-0.0350042872042511,-0.0100648888353303," "," "," ",NA,1.02919444528075,1.28719571410364,10,5,"ar1","ar1",0.5,0.2,0.1,NA,1,24.60872282854,24.5801475991843,0.511627906976744,0.252427184466019,1,24.6255972916241,0.631106293844302
88,0.274193548387097,0.758064516129032,0.338709677419355,0.897849462365591,0.833333333333333,0.731182795698925,0.0755530066893323,-0.00601128222259607,"***","***","***",NA,1.04279941431866,1.29056983092779,3,10,"ar1","ar1",0.5,0.2,0.1,NA,0.935483870967742,44.2969430611967,44.1747634685883,0.558139534883721,0.466019417475728,1,44.3650045309352,0.730456704628412
89,0.494623655913978,0.376344086021505,0.67741935483871,0.521505376344086,0.881720430107527,0.725806451612903,0.0711024738922817,0.0518328823724886,"***","***","***",NA,1.00167574308061,1.29047290407935,5,10,"ar1","ar1",0.5,0.2,0.1,NA,1,78.5205607807576,79.0187464157562,0.651162790697674,0.466019417475728,1,79.755851513871,0.753570906435718
90,0.252688172043011,0.537634408602151,0.39247311827957,0.629032258064516,0.881720430107527,0.817204301075269,0.114058054534775,0.0760724530500219,"***","***","***",NA,1.00181961177535,1.29069818250563,10,10,"ar1","ar1",0.5,0.2,0.1,NA,1,101.325871594893,101.456972480043,0.534883720930233,0.252427184466019,1,102.026928722129,0.519372236083616
91,0.360215053763441,0.494623655913978,0.71505376344086,0.78494623655914,0.844086021505376,0.704301075268817,0.0359894716154244,0.00652552953100574,"***","***","***",NA,1.00543414652934,1.29056981158392,3,3,"ar1","random",0.5,NA,0.1,NA,1,32.2643133220829,32.3345450630779,0.534883720930233,0.533980582524272,1,32.7140480515187,0.643028651293726
92,0.467741935483871,0.655913978494624,0.806451612903226,0.768817204301075,0.790322580645161,0.747311827956989,0.054739410737444,0.0312835679784477,"***","***","***",NA,1.0223916517436,1.29056983093441,5,3,"ar1","random",0.5,NA,0.1,NA,1,70.9467888241815,70.9272830378086,0.627906976744186,0.466019417475728,1,72.5153670784688,0.619580770180866
93,0.634408602150538,0.709677419354839,0.903225806451613,0.801075268817204,0.881720430107527,0.768817204301075,-0.0157673392155732,0.00612714381708361,"***","***","***",NA,1.00738438979805,1.29056910370178,10,3,"ar1","random",0.5,NA,0.1,NA,1,92.132913277723,92.2593433435092,0.627906976744186,0.543689320388349,0.994623655913978,92.8951329091534,0.562774482711199
94,0.349462365591398,0.483870967741935,0.43010752688172,0.645161290322581,0.870967741935484,0.602150537634409,0.017774914793854,0.00307912866280685,"***","***","***",NA,1.00292241087519,1.29056983093442,3,5,"ar1","random",0.5,NA,0.1,NA,1,8.6593132737573,8.62946882634446,0.627906976744186,0.456310679611651,1,8.73256614300313,0.975382449107737
95,0.586021505376344,0.612903225806452,0.854838709677419,0.774193548387097,0.897849462365591,0.693548387096774,-0.0276221381602401,0.00402753025863383,"***","***","***",NA,0.997592553169242,1.29056983093442,5,5,"ar1","random",0.5,NA,0.1,NA,0.994623655913978,36.2953657457975,36.3671083094989,0.767441860465116,0.514563106796116,0.994623655913978,36.6417526496225,0.570974381029907
96,0.60752688172043,0.586021505376344,0.876344086021505,0.736559139784946,0.913978494623656,0.71505376344086,0.039733752922994,-0.0011111043224568,"***","***","***",NA,1.00216782335794,1.29056629908107,10,5,"ar1","random",0.5,NA,0.1,NA,0.935483870967742,81.9501365801234,81.4018143602259,0.674418604651163,0.533980582524272,1,82.2667562077674,0.586369437671215
97,0.349462365591398,0.725806451612903,0.462365591397849,0.758064516129032,0.887096774193548,0.774193548387097,-0.0728393675398546,-0.0185862766652448,"***","***","***",NA,0.999974141357868,1.29054521987989,3,10,"ar1","random",0.5,NA,0.1,NA,1,4.96452058660714,4.9431984363256,0.511627906976744,0.145631067961165,1,5.00452835389263,0.719046724383886
98,0.612903225806452,0.360215053763441,0.779569892473118,0.532258064516129,0.951612903225806,0.827956989247312,0.0323854917081972,-0.00296848935311043,"***","***","***",NA,1.00862432260089,1.29056983087712,5,10,"ar1","random",0.5,NA,0.1,NA,0.989247311827957,68.9832829225478,68.8988731072005,0.697674418604651,0.504854368932039,1,69.1248642409138,0.543469645238537
99,0.494623655913978,0.446236559139785,0.838709677419355,0.602150537634409,0.935483870967742,0.795698924731183,-0.0620162301046924,-0.0593377739685524,"***","***","***",NA,1.04061333419381,1.29056983087684,10,10,"ar1","random",0.5,NA,0.1,NA,1,52.5089536004054,52.4863388853832,0.813953488372093,0.466019417475728,1,52.9362050641079,0.604823166585806
100,0.618279569892473,0.413978494623656,0.924731182795699,0.817204301075269,0.919354838709677,0.666666666666667,-0.0257162295626121,-0.00997760868653625,"***","***","***",NA,1.00335491155698,1.29056983063543,3,3,"ar1","randomwalk",0.5,NA,0.1,NA,1,8.51352892758073,8.51524727487624,0.651162790697674,0.495145631067961,1,8.54285186420085,0.663890056388808
101,0.301075268817204,0.381720430107527,0.510752688172043,0.688172043010753,0.747311827956989,0.661290322580645,-0.0239255681134615,-0.00865704641375944,"***","***","***",NA,1.01226988550316,1.29309915153421,5,3,"ar1","randomwalk",0.5,NA,0.1,NA,0.983870967741935,1.22596480277647,1.21913314999076,0.604651162790698,0.475728155339806,1,1.22704743259733,0.635487845378916
102,0.618279569892473,0.327956989247312,0.946236559139785,0.758064516129032,0.951612903225806,0.618279569892473,0.0464793956137937,0.0216680918890027," "," "," ",NA,1.01008873272105,1.29117397688969,10,3,"ar1","randomwalk",0.5,NA,0.1,NA,1,86.3763614080201,86.6729237641158,0.488372093023256,0.271844660194175,1,86.7863991757255,0.601087510871512
103,0.78494623655914,0.467741935483871,0.978494623655914,0.849462365591398,0.903225806451613,0.747311827956989,0.00793218049194602,-0.00501951592380887,"***","***","***",NA,1.01715084968395,1.28857591640657,3,5,"ar1","randomwalk",0.5,NA,0.1,NA,0.564516129032258,69.6428357348161,69.8668786498272,0.674418604651163,0.203883495145631,1,70.300552548403,0.549559012777446
104,0.21505376344086,0.344086021505376,0.5,0.505376344086022,0.827956989247312,0.661290322580645,0.0560925251793004,0.0052958179711703," "," "," ",NA,0.99901116023267,1.29056900096404,5,5,"ar1","randomwalk",0.5,NA,0.1,NA,1,55.1254581545918,55.1650811570941,0.651162790697674,0.436893203883495,1,55.3372547192109,0.526797461060147
105,0.543010752688172,0.645161290322581,0.779569892473118,0.768817204301075,0.913978494623656,0.736559139784946,-0.05971666520582,-0.0277231192664951,"***","***","***",NA,1.00864369946089,1.29056887695967,10,5,"ar1","randomwalk",0.5,NA,0.1,NA,0.913978494623656,81.805021113939,82.2561562200884,0.674418604651163,0.436893203883495,1,82.7990399020534,0.648612512017427
106,0.376344086021505,0.741935483870968,0.60752688172043,1,0.752688172043011,0.763440860215054,-0.0553413844090261,-0.0212647640484415," "," ","***",NA,1.07781509105301,1.29056420597408,3,10,"ar1","randomwalk",0.5,NA,0.1,NA,1,51.3831305072795,51.1832635938808,0.372093023255814,0.087378640776699,1,51.4075993980906,0.835473243352053
107,0.365591397849462,0.295698924731183,0.580645161290323,0.338709677419355,0.946236559139785,0.650537634408602,0.0233208857379128,0.0257357645870424,"***","***","***",NA,0.998110076592113,1.28997099914887,5,10,"ar1","randomwalk",0.5,NA,0.1,NA,1,3.85923738704743,3.85501191617331,0.627906976744186,0.213592233009709,1,3.89536397888892,0.777941997347229
108,0.645161290322581,0.354838709677419,0.865591397849462,0.505376344086022,0.956989247311828,0.688172043010753,-0.0308136414142376,-0.0158419106816555," "," "," ",NA,1.10095666399673,1.29085250129713,10,10,"ar1","randomwalk",0.5,NA,0.1,NA,1,79.9085608233382,79.8147763722621,0.488372093023256,0.242718446601942,1,80.0266458403764,0.675954622190546
109,0.559139784946237,0.720430107526882,0.962365591397849,0.89247311827957,0.919354838709677,0.709677419354839,-0.0245443846580962,0.00955112885139244," "," "," ",NA,1.01615698979986,1.28960519743852,3,3,"ar1","ar1",0.8,0.2,0.1,NA,0.688172043010753,101.79393474633,101.789445081169,0.441860465116279,0.252427184466019,1,102.043761070945,0.622552367625044
110,0.478494623655914,0.650537634408602,0.854838709677419,0.78494623655914,0.790322580645161,0.709677419354839,-0.0301905590669899,-0.00472421573963189,"***","***","***",NA,1.02843431706154,1.16353290289694,5,3,"ar1","ar1",0.8,0.2,0.1,NA,1,1.57605948017326,1.568677313179,0.558139534883721,0.339805825242719,1,1.58283728936333,0.600761392294771
111,0.408602150537634,0.580645161290323,0.618279569892473,0.672043010752688,0.827956989247312,0.704301075268817,0.00191890693868794,-0.0301691436935635,"***","***","***",NA,1.01222538664746,1.29056789033434,10,3,"ar1","ar1",0.8,0.2,0.1,NA,1,11.5675585755731,11.525804584587,0.674418604651163,0.543689320388349,1,11.6001940841184,0.606090860341891
112,0.32258064516129,0.575268817204301,0.521505376344086,0.752688172043011,0.795698924731183,0.747311827956989,0.0726147157169125,0.0489511375619214,"***","***","***",NA,0.99860579372488,1.29056983093449,3,5,"ar1","ar1",0.8,0.2,0.1,NA,0.956989247311828,78.1669302951316,78.549544122267,0.627906976744186,0.543689320388349,1,79.0461359975864,0.871443505744235
113,0.424731182795699,0.67741935483871,0.887096774193548,0.89247311827957,0.881720430107527,0.82258064516129,0.0258902692296964,-0.00901505553445355,"***","***","***",NA,1.05687543391851,1.29056946881969,5,5,"ar1","ar1",0.8,0.2,0.1,NA,0.989247311827957,58.920322099982,58.8305879468266,0.767441860465116,0.563106796116505,1,59.4613833258006,0.638712204415182
114,0.376344086021505,0.709677419354839,0.596774193548387,0.801075268817204,0.865591397849462,0.795698924731183,-0.0208679926122658,0.013629588959336,"***","***","***",NA,1.00167757701973,1.29026393942906,10,5,"ar1","ar1",0.8,0.2,0.1,NA,1,76.1484968573257,76.4980062615545,0.465116279069767,0.087378640776699,1,77.1089712877619,0.64641700085436
115,0.67741935483871,0.661290322580645,0.897849462365591,0.940860215053763,0.903225806451613,0.763440860215054,-0.0398643874993747,-0.000835274289578334,"***","***","***",NA,1.0195118768441,1.29062446797368,3,10,"ar1","ar1",0.8,0.2,0.1,NA,1,82.0801863690028,82.242570298119,0.744186046511628,0.41747572815534,1,82.7901621622142,0.722219715622366
116,0.247311827956989,0.698924731182796,0.408602150537634,0.795698924731183,0.779569892473118,0.811827956989247,0.00488009222142607,-0.03279238720948,"***","***","***",NA,1.0011268582685,1.24040622735056,5,10,"ar1","ar1",0.8,0.2,0.1,NA,0.704301075268817,41.8227417610054,41.7514808514499,0.534883720930233,0.485436893203884,1,41.9755629208899,0.617233933415437
117,0.720430107526882,0.236559139784946,0.924731182795699,0.370967741935484,0.913978494623656,0.60752688172043,0.000377193708321497,0.0217403354988117," ","***","***",NA,1.00526482745756,1.29056498566816,10,10,"ar1","ar1",0.8,0.2,0.1,NA,1,106.406208938937,106.312345467846,0.674418604651163,0.203883495145631,1,106.678192632165,0.640410900937403
118,0.182795698924731,0.693548387096774,0.290322580645161,0.827956989247312,0.666666666666667,0.78494623655914,0.0432473978756245,-0.00473752216305238,"***","***","***",NA,1.0288806044639,1.29056983093442,3,3,"ar1","random",0.8,NA,0.1,NA,0.994623655913978,35.5755630442553,35.5973367662365,0.511627906976744,0.611650485436893,0.994623655913978,35.9532011775511,1.15619474981276
119,0.220430107526882,0.591397849462366,0.311827956989247,0.833333333333333,0.56989247311828,0.693548387096774,0.0527680371673252,0.0119172029963228,"***","***","***",NA,0.999151191152549,1.2225690082348,5,3,"ar1","random",0.8,NA,0.1,NA,0.994623655913978,50.6050234162388,50.6411875721923,0.488372093023256,0.174757281553398,1,51.1168693983232,1.02464375593982
120,0.424731182795699,0.612903225806452,0.795698924731183,0.790322580645161,0.833333333333333,0.731182795698925,0.0335094041200427,-0.00445623939372902,"***","***","***",NA,1.00199060872593,1.29056978743957,10,3,"ar1","random",0.8,NA,0.1,NA,0.758064516129032,69.3098408138446,68.967180642854,0.651162790697674,0.485436893203884,1,69.4708008714339,0.442217147939424
121,0.252688172043011,0.494623655913978,0.462365591397849,0.698924731182796,0.623655913978495,0.60752688172043,-0.0422095267930354,-0.0142966386022589,"***","***","***",NA,1.01086260991052,1.29056983085266,3,5,"ar1","random",0.8,NA,0.1,NA,0.994623655913978,81.3712800007404,81.0868708719085,0.651162790697674,0.466019417475728,1,82.5441610497015,0.827515299310155
122,0.553763440860215,0.645161290322581,0.913978494623656,0.817204301075269,0.908602150537634,0.752688172043011,0.00521683859571223,-0.0202011904684981,"***","***","***",NA,1.01915459003771,1.28540150681335,5,5,"ar1","random",0.8,NA,0.1,NA,1,109.642387027678,109.431749259917,0.465116279069767,0.135922330097087,1,110.20472719602,0.664157727798229
123,0.559139784946237,0.209677419354839,0.709677419354839,0.290322580645161,0.89247311827957,0.575268817204301,-0.048682807873026,0.00468734151815823,"***","***","***",NA,1.06431813604082,1.29056965648645,10,5,"ar1","random",0.8,NA,0.1,NA,1,66.2395288336814,65.9888046599829,0.558139534883721,0.194174757281553,0.994623655913978,66.7144985811778,0.893308111501224
124,0.639784946236559,0.844086021505376,0.924731182795699,0.849462365591398,0.89247311827957,0.844086021505376,-0.00678842085563143,-0.00348439088743089,"***","***","***",NA,1.02149065538403,1.29056981350104,3,10,"ar1","random",0.8,NA,0.1,NA,0.967741935483871,37.0109186734591,36.9270756901277,0.581395348837209,0.485436893203884,1,37.1088307974123,0.587484692633851
125,0.247311827956989,0.645161290322581,0.381720430107527,0.790322580645161,0.747311827956989,0.790322580645161,-0.0654148244808791,-0.043193667806948,"***","***","***",NA,1.02491278044642,1.29056983093885,5,10,"ar1","random",0.8,NA,0.1,NA,1,0.316847372121418,0.316361497259914,0.767441860465116,0.485436893203884,1,0.317913110584298,0.816574749849008
126,0.526881720430108,0.56989247311828,0.741935483870968,0.704301075268817,0.870967741935484,0.795698924731183,-0.029253078084233,-0.0482231158207069,"***","***","***",NA,0.998330046037635,1.27781828722258,10,10,"ar1","random",0.8,NA,0.1,NA,1,70.184496237093,69.907681806954,0.767441860465116,0.514563106796116,1,70.1652918495146,0.642331514961228
127,0.301075268817204,0.650537634408602,0.56989247311828,0.876344086021505,0.655913978494624,0.741935483870968,0.0617039587013229,0.0160558147602776,"***","***","***",NA,1.05677999810213,1.29056978626172,3,3,"ar1","randomwalk",0.8,NA,0.1,NA,0.913978494623656,17.768757998378,17.8977236333646,0.651162790697674,0.233009708737864,1,18.029568088322,0.944794208280031
128,0.451612903225806,0.333333333333333,0.736559139784946,0.548387096774194,0.82258064516129,0.521505376344086,-0.0393880477557674,-0.0068308643256928," ","***","***",NA,1.0307064897445,1.13668850179189,5,3,"ar1","randomwalk",0.8,NA,0.1,NA,1,4.91712639946394,4.90913105180225,0.511627906976744,0.223300970873786,1,4.92019818296955,0.676603799746363
129,0.537634408602151,0.720430107526882,0.795698924731183,0.795698924731183,0.935483870967742,0.790322580645161,0.0330371291576799,0.00948268942725959,"***","***","***",NA,1.00417948521537,1.29056383675258,10,3,"ar1","randomwalk",0.8,NA,0.1,NA,1,57.8982153398031,57.7620809483139,0.558139534883721,0.213592233009709,1,58.0202264610735,0.739130461011358
130,0.354838709677419,0.639784946236559,0.564516129032258,0.903225806451613,0.752688172043011,0.795698924731183,-0.00981997220220939,0.0129686316901844,"***","***","***",NA,1.02730670062713,1.2905695865123,3,5,"ar1","randomwalk",0.8,NA,0.1,NA,1,58.1478509908018,58.3757863265206,0.581395348837209,0.514563106796116,0.989247311827957,58.7116018761672,0.679822129005059
131,0.548387096774194,0.645161290322581,0.940860215053763,0.768817204301075,0.903225806451613,0.806451612903226,0.0171510428540656,0.0398974276196831,"***","***","***",NA,1.01073674020759,1.29054662427821,5,5,"ar1","randomwalk",0.8,NA,0.1,NA,1,49.0892956035317,49.3244790270503,0.604651162790698,0.495145631067961,1,49.5932641169357,0.721941256343283
132,0.446236559139785,0.629032258064516,0.720430107526882,0.865591397849462,0.865591397849462,0.720430107526882,0.033102263034954,0.0139350399632962,"***","***","***",NA,1.04512938843981,1.29056983108298,10,5,"ar1","randomwalk",0.8,NA,0.1,NA,1,145.641076403613,145.647007695308,0.674418604651163,0.184466019417476,1,146.288141333217,0.630670193267143
133,0.306451612903226,0.5,0.741935483870968,0.661290322580645,0.870967741935484,0.78494623655914,0.0223925221016921,0.0604944524388829,"***","***","***",NA,1.00683034316328,1.29056953403985,3,10,"ar1","randomwalk",0.8,NA,0.1,NA,1,7.28411171823041,7.29362753918559,0.627906976744186,0.427184466019418,1,7.37072790347889,0.800525080843808
134,0.682795698924731,0.521505376344086,0.849462365591398,0.602150537634409,0.962365591397849,0.774193548387097,0.0232588524093042,-0.0133318534228127,"***","***","***",NA,1.0017596028093,1.29076127490085,5,10,"ar1","randomwalk",0.8,NA,0.1,NA,1,24.6768379757578,24.5949879748004,0.604651162790698,0.233009708737864,1,24.6991924276594,0.689773577187638
135,0.537634408602151,0.354838709677419,0.93010752688172,0.532258064516129,0.924731182795699,0.806451612903226,-0.0206410638614354,-0.0449791559290586," "," "," ",NA,1.00824183540721,1.29057692902376,10,10,"ar1","randomwalk",0.8,NA,0.1,NA,1,112.454564582134,111.676299029103,0.581395348837209,0.281553398058252,1,111.797610975535,0.460021691589265
136,0.263440860215054,0.688172043010753,0.387096774193548,0.827956989247312,0.698924731182796,0.768817204301075,-0.0386429036515078,-0.00213307658919719,"***","***","***",NA,1.04903809275251,1.29055689358047,3,3,"ar1","ar1",0.2,0.5,0.1,NA,1,86.6965925469467,87.0867770646052,0.488372093023256,0.213592233009709,1,87.9516839127375,0.913507994347443
137,0.306451612903226,0.435483870967742,0.521505376344086,0.693548387096774,0.672043010752688,0.639784946236559,-0.00750954169728313,0.0107261559172594,"***","***","***",NA,1.01123046407971,1.29056979819448,5,3,"ar1","ar1",0.2,0.5,0.1,NA,0.940860215053763,74.4293397933718,74.725522902379,0.511627906976744,0.281553398058252,1,75.1220933096082,0.616275053315804
138,0.655913978494624,0.596774193548387,0.951612903225806,0.844086021505376,0.935483870967742,0.758064516129032,0.013329450409255,-0.0135486110394089,"***","***","***",NA,0.999639959548706,1.29056983093298,10,3,"ar1","ar1",0.2,0.5,0.1,NA,0.973118279569892,96.067805374998,96.3056828255339,0.674418604651163,0.504854368932039,1,97.0513319280682,0.592672887519194
139,0.543010752688172,0.602150537634409,0.93010752688172,0.849462365591398,0.913978494623656,0.774193548387097,-0.0149568496207778,0.00476159383812913,"***","***","***",NA,1.03149282275491,1.29056982982568,3,5,"ar1","ar1",0.2,0.5,0.1,NA,1,66.0371055506025,65.9997479227335,0.534883720930233,0.553398058252427,1,66.7817162565025,0.619883744356901
140,0.71505376344086,0.725806451612903,0.989247311827957,0.795698924731183,0.946236559139785,0.768817204301075,0.00707482432030826,0.00689675969961319,"***","***","***",NA,1.01988082740538,1.29056968446085,5,5,"ar1","ar1",0.2,0.5,0.1,NA,1,96.9271045403123,96.9781188082671,0.651162790697674,0.514563106796116,1,97.5641063323727,0.581618823647297
141,0.451612903225806,0.645161290322581,0.741935483870968,0.779569892473118,0.881720430107527,0.774193548387097,0.0635510832513063,0.0190067471306139,"***","***","***",NA,1.00804708393695,1.29056995644594,10,5,"ar1","ar1",0.2,0.5,0.1,NA,0.989247311827957,43.0703755409743,43.2150813623407,0.627906976744186,0.485436893203884,1,43.4438047254985,0.588183102608033
142,0.403225806451613,0.483870967741935,0.526881720430108,0.741935483870968,0.82258064516129,0.704301075268817,-0.0201578480332208,0.0108839985845728,"***","***","***",NA,1.02461105306226,1.29056983093442,3,10,"ar1","ar1",0.2,0.5,0.1,NA,1,79.0623104759785,78.8820428016116,0.604651162790698,0.271844660194175,0.994623655913978,79.4123370574851,0.748611824224755
143,0.333333333333333,0.672043010752688,0.473118279569892,0.870967741935484,0.887096774193548,0.833333333333333,-0.0435649995286165,-0.00831102926569488," "," "," ",NA,1.00211450251016,1.29134040275202,5,10,"ar1","ar1",0.2,0.5,0.1,NA,0.983870967741935,0.998549679441068,0.993317278128447,0.604651162790698,0.262135922330097,1,0.995249469993523,0.757036192292311
144,0.376344086021505,0.311827956989247,0.478494623655914,0.489247311827957,0.876344086021505,0.645161290322581,0.0376297493144651,0.0119840410138185,"***","***","***",NA,1.02474420870826,1.29055095419727,10,10,"ar1","ar1",0.2,0.5,0.1,NA,0.983870967741935,40.1805934388442,40.2896738838859,0.674418604651163,0.504854368932039,1,40.4548498825512,0.696652628659855
145,0.317204301075269,0.650537634408602,0.698924731182796,0.865591397849462,0.774193548387097,0.741935483870968,-0.0354656897200647,-0.00531177708263563,"***","***","***",NA,1.02954886597736,1.29056982703674,3,3,"random","ar1",NA,0.5,0.1,NA,1,40.2976130566605,40.4896662549534,0.604651162790698,0.572815533980582,1,40.7759292708441,0.939826302109463
146,0.521505376344086,0.682795698924731,0.870967741935484,0.854838709677419,0.924731182795699,0.747311827956989,-0.0347209379816232,-0.00552295248610884,"***","***","***",NA,1.02908341940738,1.20262954616399,5,3,"random","ar1",NA,0.5,0.1,NA,1,66.2703817991308,66.1811287586474,0.627906976744186,0.553398058252427,1,66.7071691808957,0.607330033400879
147,0.543010752688172,0.338709677419355,0.887096774193548,0.478494623655914,0.833333333333333,0.736559139784946,0.0338745924607576,-0.00778823832171543,"***","***","***",NA,1.01287815887106,1.29056983092213,10,3,"random","ar1",NA,0.5,0.1,NA,1,45.7987249442187,46.0434547508668,0.697674418604651,0.650485436893204,0.973118279569892,46.3682765135097,0.640745234254992
148,0.408602150537634,0.736559139784946,0.78494623655914,0.860215053763441,0.897849462365591,0.698924731182796,-0.0192217001304754,0.0185611227831652,"***","***","***",NA,1.00216277229254,1.29056657723119,3,5,"random","ar1",NA,0.5,0.1,NA,0.973118279569892,63.7110493812724,63.4520000793011,0.697674418604651,0.466019417475728,1,64.3325090069984,0.667370328157499
149,0.247311827956989,0.725806451612903,0.408602150537634,0.887096774193548,0.725806451612903,0.763440860215054,0.0159710145470081,0.00801004573911273," "," ","***",NA,1.02451476685791,1.29056983040006,5,5,"random","ar1",NA,0.5,0.1,NA,1,12.0419506046092,12.0536797518522,0.627906976744186,0.485436893203884,1,12.0993421490413,0.557482989117537
150,0.612903225806452,0.279569892473118,0.881720430107527,0.301075268817204,0.89247311827957,0.494623655913978,0.0287488156456585,0.0457558103076624,"***","***","***",NA,1.00806550278534,1.29056973280501,10,5,"random","ar1",NA,0.5,0.1,NA,1,89.467972615501,89.7846206680081,0.651162790697674,0.466019417475728,0.967741935483871,90.4464941349851,0.575940697538056
151,0.17741935483871,0.295698924731183,0.252688172043011,0.456989247311828,0.650537634408602,0.629032258064516,-0.0710219896934736,-0.0515602171864215,"***","***","***",NA,0.999738748743394,1.29056983093442,3,10,"random","ar1",NA,0.5,0.1,NA,0.994623655913978,66.5836373525522,66.6923166642038,0.511627906976744,0.427184466019418,1,67.6946769498003,0.777097725056073
152,0.661290322580645,0.645161290322581,0.838709677419355,0.801075268817204,0.865591397849462,0.78494623655914,-0.021803568308452,0.00909826794353837,"***","***","***",NA,1.03658397482671,1.19761739151927,5,10,"random","ar1",NA,0.5,0.1,NA,1,48.7044263058788,48.3912005417467,0.441860465116279,0.0388349514563107,1,48.8849141508936,0.930393043602187
153,0.268817204301075,0.763440860215054,0.408602150537634,0.844086021505376,0.801075268817204,0.854838709677419,0.054059029468675,0.00656149036622527," "," ","***",NA,0.998589194648944,1.29056982089388,10,10,"random","ar1",NA,0.5,0.1,NA,0.913978494623656,75.1774947313608,74.7556306193634,0.581395348837209,0.262135922330097,1,74.9496151005635,0.644651662735315
154,0.317204301075269,0.698924731182796,0.532258064516129,0.881720430107527,0.720430107526882,0.801075268817204,-0.0785231153676954,-0.0240016700304032,"***","***","***",NA,1.01489628281231,1.29056910601649,3,3,"randomwalk","ar1",NA,0.5,0.1,NA,1,1.1264706780691,1.12190412727494,0.534883720930233,0.310679611650485,1,1.12865446735008,0.809690723017153
155,0.21505376344086,0.521505376344086,0.32258064516129,0.758064516129032,0.629032258064516,0.639784946236559,0.047088778286604,0.00752528745681258," "," "," ",NA,1.00654313705569,1.29056993049399,5,3,"randomwalk","ar1",NA,0.5,0.1,NA,0.908602150537634,32.2455942524999,32.3881983416649,0.581395348837209,0.446601941747573,0.962365591397849,32.4268317971108,0.745791607572593
156,0.295698924731183,0.736559139784946,0.483870967741935,0.849462365591398,0.71505376344086,0.731182795698925,-0.0296559608412943,0.0126382370641003," "," ","***",NA,1.00907376890057,1.29056983093442,10,3,"randomwalk","ar1",NA,0.5,0.1,NA,0.994623655913978,18.353344306542,18.4351945876955,0.604651162790698,0.543689320388349,1,18.4916376800293,0.652301436009054
157,0.489247311827957,0.408602150537634,0.768817204301075,0.693548387096774,0.876344086021505,0.629032258064516,0.0410969668631792,0.001813219565512," "," ","***",NA,1.00533658455467,1.29208712462819,3,5,"randomwalk","ar1",NA,0.5,0.1,NA,0.795698924731183,19.786321562754,19.8229727385275,0.627906976744186,0.514563106796116,1,19.8550871915122,0.867421792152626
158,0.575268817204301,0.666666666666667,0.89247311827957,0.881720430107527,0.897849462365591,0.741935483870968,-0.0360030612568482,0.0214768641960374," "," "," ",NA,1.00886836029971,1.29056983097376,5,5,"randomwalk","ar1",NA,0.5,0.1,NA,0.989247311827957,74.6245595107246,74.4696291365649,0.651162790697674,0.504854368932039,1,74.5664664963385,0.621273122014974
159,0.688172043010753,0.639784946236559,0.935483870967742,0.741935483870968,0.973118279569892,0.774193548387097,0.0177874723305431,-0.013558967292243,"***","***","***",NA,1.00137828005829,1.29056983089612,10,5,"randomwalk","ar1",NA,0.5,0.1,NA,1,51.9501091494556,52.0402559120057,0.534883720930233,0.135922330097087,1,52.2389258341637,0.590858880470916
160,0.548387096774194,0.688172043010753,0.790322580645161,0.78494623655914,0.956989247311828,0.806451612903226,0.000791568344245499,-0.0104931238639061,"***","***","***",NA,1.00309863406155,1.29343260983184,3,10,"randomwalk","ar1",NA,0.5,0.1,NA,1,6.84811755469037,6.83540414673663,0.558139534883721,0.203883495145631,1,6.85904303646544,0.601580598720763
161,0.274193548387097,0.435483870967742,0.666666666666667,0.720430107526882,0.806451612903226,0.71505376344086,-0.0911719096666678,-0.0658166443716596," ","***","***",NA,1.00022505184765,1.29056974330482,5,10,"randomwalk","ar1",NA,0.5,0.1,NA,0.854838709677419,86.7882586386953,87.1375244418636,0.651162790697674,0.514563106796116,1,87.3645156536913,0.528791576811725
162,0.634408602150538,0.78494623655914,0.82258064516129,0.817204301075269,0.924731182795699,0.801075268817204,-0.00200571406124162,0.0340184765419288," "," ","***",NA,1.00682658541266,1.15535683524417,10,10,"randomwalk","ar1",NA,0.5,0.1,NA,0.60752688172043,6.20362616310072,6.19722783519217,0.558139534883721,0.281553398058252,1,6.21571236782003,0.446378305316705
163,0.413978494623656,0.752688172043011,0.758064516129032,0.89247311827957,0.844086021505376,0.779569892473118,-0.0289078689024646,-0.00910607804727519," ","***","***",NA,1.02612450335127,1.29056983008279,3,3,"ar1","ar1",0.5,0.5,0.1,NA,1,124.081558385232,123.272255208941,0.604651162790698,0.466019417475728,1,123.6759547015,0.506010563308118
164,0.301075268817204,0.655913978494624,0.521505376344086,0.849462365591398,0.806451612903226,0.78494623655914,0.0461101956568642,0.0105715332343776,"***","***","***",NA,1.02005200631908,1.29056983084546,5,3,"ar1","ar1",0.5,0.5,0.1,NA,1,91.3408570415042,90.7968642211602,0.418604651162791,0.194174757281553,1,91.3541787950059,0.733715324191861
165,0.532258064516129,0.693548387096774,0.774193548387097,0.838709677419355,0.908602150537634,0.827956989247312,-0.0292983637814067,0.0144047100223585,"***","***","***",NA,1.0109143579509,1.13235556990813,10,3,"ar1","ar1",0.5,0.5,0.1,NA,1,39.947295917862,39.7695349782673,0.488372093023256,0.184466019417476,1,39.9556101049233,0.614358964936346
166,0.21505376344086,0.586021505376344,0.333333333333333,0.817204301075269,0.779569892473118,0.752688172043011,-0.00158837807484596,-0.0116391625120388,"***","***","***",NA,1.00368690538369,1.29056370774201,3,5,"ar1","ar1",0.5,0.5,0.1,NA,1,95.5959981492463,95.3498881777765,0.581395348837209,0.446601941747573,1,96.0494673110593,0.99864150033486
167,0.290322580645161,0.596774193548387,0.462365591397849,0.833333333333333,0.704301075268817,0.71505376344086,0.0535714208722068,0.0145226030131951,"***","***","***",NA,1.00113844249035,1.20991726518138,5,5,"ar1","ar1",0.5,0.5,0.1,NA,1,104.872653716943,104.558032936191,0.558139534883721,0.058252427184466,1,105.225025532384,0.810125379335164
168,0.279569892473118,0.731182795698925,0.462365591397849,0.82258064516129,0.752688172043011,0.768817204301075,0.00970228622275596,-0.0349163157858591,"***","***","***",NA,1.00980083235779,1.29066122204875,10,5,"ar1","ar1",0.5,0.5,0.1,NA,1,39.4469513114384,39.3349533361126,0.627906976744186,0.281553398058252,1,39.598619351717,0.624953529814467
169,0.247311827956989,0.602150537634409,0.317204301075269,0.795698924731183,0.666666666666667,0.790322580645161,0.0158798210365955,0.0586002203519234,"***","***","***",NA,1.00099242827088,1.29126536418897,3,10,"ar1","ar1",0.5,0.5,0.1,NA,0.876344086021505,60.9348799444215,60.9379644179597,0.651162790697674,0.446601941747573,1,61.3162247739839,0.765302561433051
170,0.532258064516129,0.365591397849462,0.666666666666667,0.537634408602151,0.870967741935484,0.655913978494624,-0.0472166839571684,-0.0172490208945239,"***","***","***",NA,1.01236315194347,1.13244919372379,5,10,"ar1","ar1",0.5,0.5,0.1,NA,1,33.1362334073425,33.1258963042966,0.627906976744186,0.475728155339806,1,33.4100038821072,0.643973073403949
171,0.338709677419355,0.575268817204301,0.440860215053763,0.645161290322581,0.623655913978495,0.763440860215054,0.113867296146469,0.069460609203727,"***","***","***",NA,1.02104280144725,1.29056983093442,10,10,"ar1","ar1",0.5,0.5,0.1,NA,1,31.9089806391891,31.9554400652401,0.697674418604651,0.533980582524272,1,32.0684030452041,0.661806030958756
172,0.387096774193548,0.505376344086022,0.779569892473118,0.78494623655914,0.811827956989247,0.709677419354839,0.0645885386511211,0.0254084908533746,"***","***","***",NA,1.01786746617336,1.2905698309342,3,3,"ar1","ar1",0.8,0.5,0.1,NA,1,46.7328399344748,46.7695919611474,0.511627906976744,0.495145631067961,1,47.0444987229336,0.643697582919291
173,0.537634408602151,0.661290322580645,0.849462365591398,0.860215053763441,0.838709677419355,0.698924731182796,0.0372031952210877,0.0100187083899448,"***","***","***",NA,1.0260312945059,1.29056992043088,5,3,"ar1","ar1",0.8,0.5,0.1,NA,1,44.1309259331358,44.2435190053939,0.604651162790698,0.475728155339806,1,44.6624257868464,0.671903509445221
174,0.424731182795699,0.655913978494624,0.645161290322581,0.790322580645161,0.849462365591398,0.693548387096774,0.0689446584015743,0.0268412194631657," "," "," ",NA,1.02414705450387,1.29056656195673,10,3,"ar1","ar1",0.8,0.5,0.1,NA,1,41.8861023157826,41.8033898673012,0.627906976744186,0.310679611650485,1,41.8780196431501,0.708869763537702
175,0.327956989247312,0.634408602150538,0.478494623655914,0.827956989247312,0.532258064516129,0.736559139784946,-0.02079438396858,0.00871291125442821," "," "," ",NA,1.04552971210951,1.29056944299521,3,5,"ar1","ar1",0.8,0.5,0.1,NA,1,10.6411720240298,10.6534388249549,0.441860465116279,0.0679611650485437,1,10.6779294158308,0.970216287331626
176,0.693548387096774,0.370967741935484,0.860215053763441,0.521505376344086,0.967741935483871,0.704301075268817,-0.047274089630621,-0.0126289387479364,"***","***","***",NA,1.02623305317914,1.29056983091101,5,5,"ar1","ar1",0.8,0.5,0.1,NA,0.994623655913978,65.1163454516752,65.1088932831374,0.720930232558139,0.398058252427185,0.989247311827957,65.4728939191233,0.657888009299207
177,0.435483870967742,0.741935483870968,0.725806451612903,0.865591397849462,0.924731182795699,0.790322580645161,-0.0468970597588674,-0.0276625607585666,"***","***","***",NA,1.00174780806295,1.29056983146476,10,5,"ar1","ar1",0.8,0.5,0.1,NA,1,99.5116628761081,99.5931094189069,0.651162790697674,0.456310679611651,1,99.978357109874,0.506786117345629
178,0.225806451612903,0.790322580645161,0.263440860215054,0.849462365591398,0.634408602150538,0.811827956989247,0.0264116635039204,0.00805125776759056,"***","***","***",NA,1.03472411371678,1.29056835321423,3,10,"ar1","ar1",0.8,0.5,0.1,NA,1,60.3249646742355,60.3575365931365,0.558139534883721,0.398058252427185,1,61.0201190080997,1.09271424593679
179,0.575268817204301,0.559139784946237,0.774193548387097,0.725806451612903,0.946236559139785,0.774193548387097,0.0367116561214633,0.00620977878414661,"***","***","***",NA,1.00226359008372,1.29056983093437,5,10,"ar1","ar1",0.8,0.5,0.1,NA,1,6.96642302609114,6.98330877260166,0.627906976744186,0.495145631067961,1,7.00737375437998,0.709997243219782
180,0.548387096774194,0.731182795698925,0.881720430107527,0.876344086021505,0.854838709677419,0.768817204301075,0.0624384749770716,0.0204935672434251,"***","***","***",NA,1.00931167882734,1.2905698120026,10,10,"ar1","ar1",0.8,0.5,0.1,NA,1,82.064274111034,82.0335079741211,0.534883720930233,0.116504854368932,0.994623655913978,82.3608509673537,0.607558072486374
181,0.365591397849462,0.483870967741935,0.655913978494624,0.731182795698925,0.752688172043011,0.634408602150538,0.0598260218609293,0.0074764365116808,"***","***","***",NA,1.02202910266736,1.29056985638392,3,3,"ar1","ar1",0.2,0.8,0.1,NA,1,60.3159576301143,60.34227925419,0.488372093023256,0.233009708737864,1,60.647958935873,0.70349755259829
182,0.408602150537634,0.553763440860215,0.709677419354839,0.698924731182796,0.903225806451613,0.736559139784946,-0.0759830689604297,-0.0436994020170521,"***","***","***",NA,1.02265636104905,1.29056963371304,5,3,"ar1","ar1",0.2,0.8,0.1,NA,1,105.829342071108,105.60265470441,0.720930232558139,0.466019417475728,1,106.042498410544,0.666515911433603
183,0.220430107526882,0.645161290322581,0.32258064516129,0.758064516129032,0.655913978494624,0.78494623655914,-0.008181993966288,0.0140129319590905," "," ","***",NA,0.997379916847027,1.29056966220458,10,3,"ar1","ar1",0.2,0.8,0.1,NA,1,106.971753972462,106.769063688877,0.488372093023256,0.281553398058252,1,107.052405156264,0.666922739071762
184,0.204301075268817,0.435483870967742,0.306451612903226,0.779569892473118,0.532258064516129,0.60752688172043,-0.0196454805860781,0.013676517794458,"***","***","***",NA,1.01485612667635,1.29057088664553,3,5,"ar1","ar1",0.2,0.8,0.1,NA,1,90.2505008072345,90.3789222962138,0.534883720930233,0.223300970873786,1,91.5417536336512,1.00782079429352
185,0.478494623655914,0.602150537634409,0.741935483870968,0.827956989247312,0.897849462365591,0.731182795698925,0.0645590087537744,0.0445609719224385," "," "," ",NA,1.01987960762974,1.29053059374458,5,5,"ar1","ar1",0.2,0.8,0.1,NA,1,7.95817366199764,7.98753863510006,0.720930232558139,0.427184466019418,1,8.00933815925489,0.627518248825358
186,0.198924731182796,0.586021505376344,0.5,0.71505376344086,0.946236559139785,0.89247311827957,-0.127297242896854,-0.0790798514162599,"***","***","***",NA,1.02206798559513,1.29058161181818,10,5,"ar1","ar1",0.2,0.8,0.1,NA,0.994623655913978,71.5606486442042,71.161694100215,0.488372093023256,0.310679611650485,1,71.7558965171732,0.840855105387039
187,0.263440860215054,0.741935483870968,0.381720430107527,0.82258064516129,0.602150537634409,0.747311827956989,0.0463359477005093,-0.00601401014083625,"***","***","***",NA,1.00318092826268,1.29056983096889,3,10,"ar1","ar1",0.2,0.8,0.1,NA,1,25.0946495326569,25.1263739416969,0.651162790697674,0.427184466019418,1,25.3998285120027,0.832996057111762
188,0.338709677419355,0.387096774193548,0.580645161290323,0.494623655913978,0.768817204301075,0.650537634408602,-0.0579166511814207,-0.0386883939784987,"***","***","***",NA,1.00469536017859,1.29056982963054,5,10,"ar1","ar1",0.2,0.8,0.1,NA,1,95.2926408114948,95.1870801377448,0.651162790697674,0.475728155339806,1,96.1055140245833,0.659274806013664
189,0.768817204301075,0.645161290322581,0.962365591397849,0.838709677419355,0.93010752688172,0.790322580645161,0.0266491521726933,-0.0304848218906319," "," "," ",NA,1.00655199137975,1.29064948378554,10,10,"ar1","ar1",0.2,0.8,0.1,NA,1,79.8502594889945,80.0250027665224,0.511627906976744,0.12621359223301,1,80.010124700104,0.619627127732552
190,0.39247311827957,0.295698924731183,0.666666666666667,0.618279569892473,0.887096774193548,0.661290322580645,-0.0162695176383417,0.0113526921987167,"***","***","***",NA,1.00370488100558,1.29052465487651,3,3,"random","ar1",NA,0.8,0.1,NA,1,54.7095390832541,54.930444355366,0.511627906976744,0.475728155339806,1,55.2908054772282,1.0662747115799
191,0.333333333333333,0.731182795698925,0.56989247311828,0.854838709677419,0.682795698924731,0.71505376344086,0.00334634012904681,-0.0126947488744101,"***","***","***",NA,1.01185909259298,1.29056983093431,5,3,"random","ar1",NA,0.8,0.1,NA,0.881720430107527,11.8392088335135,11.8512924974864,0.651162790697674,0.543689320388349,1,11.9593096391804,0.72213652251788
192,0.344086021505376,0.720430107526882,0.655913978494624,0.849462365591398,0.849462365591398,0.82258064516129,0.00923835861607871,0.0295177245564879," "," ","***",NA,1.01489624438111,1.29086648366898,10,3,"random","ar1",NA,0.8,0.1,NA,0.994623655913978,108.994182339616,108.240681161126,0.674418604651163,0.281553398058252,1,108.547224277619,0.63041300520871
193,0.397849462365591,0.311827956989247,0.779569892473118,0.333333333333333,0.827956989247312,0.446236559139785,-0.0249431486208052,-0.00080311079743915,"***","***","***",NA,1.03250640208751,1.29056983093443,3,5,"random","ar1",NA,0.8,0.1,NA,1,30.4255304108944,30.4312295599184,0.534883720930233,0.427184466019418,0.768817204301075,30.7500335211122,0.637382801997954
194,0.526881720430108,0.408602150537634,0.854838709677419,0.516129032258065,0.887096774193548,0.67741935483871,-0.0504755602156542,-0.000359470920923411,"***","***","***",NA,1.00228335520508,1.29062444303098,5,5,"random","ar1",NA,0.8,0.1,NA,1,99.604774073934,99.4300924969119,0.488372093023256,0.252427184466019,0.978494623655914,100.577177996143,0.762000963308117
195,0.451612903225806,0.747311827956989,0.688172043010753,0.876344086021505,0.838709677419355,0.731182795698925,-0.0353663719588993,-0.0098795077061342," "," "," ",NA,1.00200814557853,1.14629897259864,10,5,"random","ar1",NA,0.8,0.1,NA,1,136.447816626814,136.792797991179,0.627906976744186,0.242718446601942,1,137.006101462356,0.552759421984512
196,0.241935483870968,0.344086021505376,0.370967741935484,0.440860215053763,0.709677419354839,0.741935483870968,-0.021094770841367,0.0228820943779928,"***","***","***",NA,1.04161393152847,1.1315512657471,3,10,"random","ar1",NA,0.8,0.1,NA,0.865591397849462,74.088968860128,73.842135650736,0.511627906976744,0.0776699029126213,1,74.349535132061,0.705681119024715
197,0.510752688172043,0.779569892473118,0.860215053763441,0.887096774193548,0.89247311827957,0.795698924731183,0.0453982520997343,0.0162601738866608,"***","***","***",NA,1.01127441320715,1.29056983092747,5,10,"random","ar1",NA,0.8,0.1,NA,1,47.0393978027557,47.1456987616979,0.767441860465116,0.495145631067961,1,47.5718512775247,0.592895637695946
198,0.435483870967742,0.376344086021505,0.639784946236559,0.5,0.881720430107527,0.768817204301075,0.0603165220358475,0.0198600662245946,"***","***","***",NA,1.00224577527425,1.29056983012789,10,10,"random","ar1",NA,0.8,0.1,NA,0.93010752688172,54.9423676334864,54.9652670404212,0.534883720930233,0.213592233009709,1,55.3665226437686,0.669612976685779
199,0.478494623655914,0.741935483870968,0.827956989247312,0.833333333333333,0.89247311827957,0.774193548387097,-0.0770339009910183,-0.0195468848799858,"***","***","***",NA,1.02978067360436,1.29056493759871,3,3,"randomwalk","ar1",NA,0.8,0.1,NA,1,69.1634247365751,69.0412412001729,0.511627906976744,0.563106796116505,1,69.2771766106491,0.805524397637788
200,0.758064516129032,0.650537634408602,0.978494623655914,0.817204301075269,0.913978494623656,0.758064516129032,0.0120070480982045,-0.00585687621073186," "," ","***",NA,1.00289344155858,1.29383718974445,5,3,"randomwalk","ar1",NA,0.8,0.1,NA,1,103.802444692059,103.567012611864,0.604651162790698,0.271844660194175,1,103.927897864303,0.524318332071822
201,0.258064516129032,0.71505376344086,0.505376344086022,0.844086021505376,0.747311827956989,0.779569892473118,0.06716011483001,-0.000447606111972687,"***","***","***",NA,1.00065369563877,1.29056862794449,10,3,"randomwalk","ar1",NA,0.8,0.1,NA,1,24.5076403492285,24.3943309762764,0.651162790697674,0.485436893203884,1,24.4985118476667,0.786658802251213
202,0.419354838709677,0.516129032258065,0.801075268817204,0.806451612903226,0.903225806451613,0.704301075268817,0.0498471441492659,0.00522876955105094,"***","***","***",NA,1.0194134727677,1.29056983092402,3,5,"randomwalk","ar1",NA,0.8,0.1,NA,1,39.1040643837483,39.0517963568996,0.534883720930233,0.242718446601942,1,39.1808722853051,0.699899889482844
203,0.521505376344086,0.870967741935484,0.833333333333333,0.973118279569892,0.93010752688172,0.89247311827957,-0.0546082915560449,-0.0271814094014561," ","**","***",NA,1.01198105269578,1.29056983092677,5,5,"randomwalk","ar1",NA,0.8,0.1,NA,1,109.707207463187,110.087033073661,0.697674418604651,0.514563106796116,1,110.341116551292,0.582381757907465
204,0.43010752688172,0.612903225806452,0.655913978494624,0.758064516129032,0.865591397849462,0.817204301075269,0.0360260441122707,-0.011205457048602,"***","***","***",NA,1.06312975609945,1.29056952888023,10,5,"randomwalk","ar1",NA,0.8,0.1,NA,1,32.3461129432242,32.2361980181148,0.604651162790698,0.436893203883495,1,32.3888259660381,0.771341242051408
205,0.172043010752688,0.56989247311828,0.295698924731183,0.736559139784946,0.698924731182796,0.758064516129032,-0.0158784421422391,0.00408370468957035," "," "," ",NA,1.00121080956825,1.2905695757102,3,10,"randomwalk","ar1",NA,0.8,0.1,NA,0.983870967741935,53.8798892495782,54.2343611009836,0.558139534883721,0.436893203883495,1,54.3607281640509,0.518755012307234
206,0.381720430107527,0.672043010752688,0.60752688172043,0.844086021505376,0.897849462365591,0.725806451612903,0.02582147586782,0.0137427401113119,"***","***","***",NA,1.00853135170055,1.13435067555284,5,10,"randomwalk","ar1",NA,0.8,0.1,NA,1,2.44522766057784,2.44457322259109,0.534883720930233,0.0970873786407767,0.994623655913978,2.45267237119436,0.497225756655987
207,0.365591397849462,0.483870967741935,0.67741935483871,0.78494623655914,0.725806451612903,0.682795698924731,-0.0501898449706625,-0.0149716964230178," ","***","***",NA,1.00720709149149,1.29056983093783,10,10,"randomwalk","ar1",NA,0.8,0.1,NA,0.903225806451613,114.266687778325,114.553234501662,0.581395348837209,0.514563106796116,1,114.909462284212,0.52584615704575
208,0.295698924731183,0.419354838709677,0.612903225806452,0.779569892473118,0.666666666666667,0.532258064516129,0.0345932781576181,-0.0111520754353313,"***","***","***",NA,1.02692923944937,1.29056983037643,3,3,"ar1","ar1",0.5,0.8,0.1,NA,1,85.0876948551282,84.8224644847148,0.604651162790698,0.504854368932039,1,85.4148376878453,0.545987072703599
209,0.516129032258065,0.645161290322581,0.838709677419355,0.790322580645161,0.865591397849462,0.725806451612903,0.0262968685494015,0.00384884628952224,"***","***","***",NA,1.02520746286509,1.29056983091377,5,3,"ar1","ar1",0.5,0.8,0.1,NA,1,36.1644023798083,36.3857757329177,0.651162790697674,0.592233009708738,1,36.6296559957277,0.70513701057705
210,0.209677419354839,0.543010752688172,0.376344086021505,0.806451612903226,0.693548387096774,0.790322580645161,0.0133028883165299,-0.0149806556704663," ","***","***",NA,1.00033438419431,1.29056982699771,10,3,"ar1","ar1",0.5,0.8,0.1,NA,0.919354838709677,94.1790189709269,94.2495698172861,0.674418604651163,0.29126213592233,1,94.6469411098602,0.657489773042428
211,0.188172043010753,0.419354838709677,0.236559139784946,0.78494623655914,0.473118279569892,0.768817204301075,-0.0417633081263925,-0.00407655040592716,"***","***","***",NA,1.0051929628067,1.2905698316449,3,5,"ar1","ar1",0.5,0.8,0.1,NA,0.946236559139785,75.3912575229292,75.5101422265104,0.511627906976744,0.456310679611651,1,76.129385800158,1.02237500514763
212,0.596774193548387,0.666666666666667,0.865591397849462,0.833333333333333,0.844086021505376,0.731182795698925,-0.0571265244896177,-0.0183966777466754,"***","***","***",NA,1.00792773449013,1.290569832307,5,5,"ar1","ar1",0.5,0.8,0.1,NA,0.672043010752688,99.143924590192,99.2993443321351,0.720930232558139,0.504854368932039,1,100.051115509902,0.624139253287274
213,0.596774193548387,0.639784946236559,0.956989247311828,0.93010752688172,0.93010752688172,0.78494623655914,-0.03877687446435,-0.0236440510217628,"***","***","***",NA,1.05019187221049,1.28744758459821,10,5,"ar1","ar1",0.5,0.8,0.1,NA,1,21.691898390445,21.7299337512655,0.581395348837209,0.495145631067961,1,21.8496449883002,0.549089188667789
214,0.28494623655914,0.634408602150538,0.397849462365591,0.790322580645161,0.71505376344086,0.763440860215054,0.0645931235778787,0.041387652661797,"***","***","***",NA,1.00816318812843,1.29057821031463,3,10,"ar1","ar1",0.5,0.8,0.1,NA,1,40.4777456984233,40.6640900101312,0.581395348837209,0.407766990291262,1,41.0684600399347,0.798875207026209
215,0.478494623655914,0.258064516129032,0.580645161290323,0.311827956989247,0.919354838709677,0.516129032258065,-0.0369758956742976,0.00403236010315496,"***","***","***",NA,1.01128678846359,1.29035806438852,5,10,"ar1","ar1",0.5,0.8,0.1,NA,1,12.8161537059294,12.9270405300857,0.674418604651163,0.485436893203884,0.951612903225806,13.0353520282644,1.04281035074636
216,0.279569892473118,0.478494623655914,0.5,0.870967741935484,0.741935483870968,0.693548387096774,-0.0935287448976758,-0.0184540906115829," "," "," ",NA,1.00790608877321,1.14079749827686,10,10,"ar1","ar1",0.5,0.8,0.1,NA,1,62.3909304008851,62.6685815549274,0.674418604651163,0.456310679611651,1,62.7512556372671,0.635614128139318
217,0.182795698924731,0.263440860215054,0.365591397849462,0.354838709677419,0.774193548387097,0.537634408602151,0.0507266924046565,0.030762872354456," ","***","***",NA,1.02779548110295,1.2906258433434,3,3,"ar1","ar1",0.8,0.8,0.1,NA,0.897849462365591,76.0496354687839,76.0107205603486,0.488372093023256,0.194174757281553,0.973118279569892,76.2399843828251,0.626599642562557
218,0.526881720430108,0.688172043010753,0.806451612903226,0.860215053763441,0.951612903225806,0.747311827956989,0.0145314448621677,-0.0031730917568233,"***","***","***",NA,1.00872126977056,1.25195730834548,5,3,"ar1","ar1",0.8,0.8,0.1,NA,1,82.6775574416438,82.4104364211151,0.581395348837209,0.184466019417476,1,82.9276356322387,0.792752560273646
219,0.403225806451613,0.634408602150538,0.731182795698925,0.806451612903226,0.817204301075269,0.774193548387097,0.0354040829994573,-0.00571727709240114," ","***","***",NA,1.002814049128,1.2905599375363,10,3,"ar1","ar1",0.8,0.8,0.1,NA,0.801075268817204,68.1899807388939,67.9210460482684,0.534883720930233,0.29126213592233,1,68.150111225692,0.69951096817512
220,0.456989247311828,0.623655913978495,0.854838709677419,0.833333333333333,0.887096774193548,0.720430107526882,0.0610333551374555,0.0499508109453347,"***","***","***",NA,1.00797006561109,1.29056983094133,3,5,"ar1","ar1",0.8,0.8,0.1,NA,1,34.9062924458149,34.8771233162208,0.674418604651163,0.456310679611651,1,35.0170176549344,0.621638690808236
221,0.279569892473118,0.736559139784946,0.494623655913978,0.827956989247312,0.736559139784946,0.795698924731183,-0.0192465278322434,-0.0116796901222743," ","***","***",NA,1.01069472963489,1.29044187747073,5,5,"ar1","ar1",0.8,0.8,0.1,NA,1,47.5739636837049,47.676747895828,0.627906976744186,0.466019417475728,1,47.8527350214516,0.703417317558217
222,0.586021505376344,0.623655913978495,0.795698924731183,0.736559139784946,0.940860215053763,0.78494623655914,0.0350062681381805,0.0318162666935649,"***","***","***",NA,1.03740927244958,1.29056983093151,10,5,"ar1","ar1",0.8,0.8,0.1,NA,1,124.163022599147,124.1011255233,0.697674418604651,0.543689320388349,1,125.005321227142,0.78412092745016
223,0.478494623655914,0.698924731182796,0.811827956989247,0.817204301075269,0.908602150537634,0.844086021505376,0.0466099985097784,0.00128256267707782," ","***","***",NA,1.00008585473325,1.28614605673837,3,10,"ar1","ar1",0.8,0.8,0.1,NA,1,44.1548274946929,44.0526039273698,0.651162790697674,0.543689320388349,1,44.1701464377367,0.591210202483235
224,0.655913978494624,0.494623655913978,0.844086021505376,0.806451612903226,0.935483870967742,0.790322580645161,-0.0415236499207937,-0.0243183198873494," "," "," ",NA,1.00985617776574,1.29057817830293,5,10,"ar1","ar1",0.8,0.8,0.1,NA,1,90.9969499907709,90.9729940731309,0.674418604651163,0.233009708737864,1,91.1411261080631,0.418529792401229
